-- MySQL dump 10.13  Distrib 8.0.17, for Win64 (x86_64)
--
-- Host: 127.0.0.1    Database: project
-- ------------------------------------------------------
-- Server version	8.0.17

/*!40101 SET @OLD_CHARACTER_SET_CLIENT=@@CHARACTER_SET_CLIENT */;
/*!40101 SET @OLD_CHARACTER_SET_RESULTS=@@CHARACTER_SET_RESULTS */;
/*!40101 SET @OLD_COLLATION_CONNECTION=@@COLLATION_CONNECTION */;
/*!50503 SET NAMES utf8mb4 */;
/*!40103 SET @OLD_TIME_ZONE=@@TIME_ZONE */;
/*!40103 SET TIME_ZONE='+00:00' */;
/*!40014 SET @OLD_UNIQUE_CHECKS=@@UNIQUE_CHECKS, UNIQUE_CHECKS=0 */;
/*!40014 SET @OLD_FOREIGN_KEY_CHECKS=@@FOREIGN_KEY_CHECKS, FOREIGN_KEY_CHECKS=0 */;
/*!40101 SET @OLD_SQL_MODE=@@SQL_MODE, SQL_MODE='NO_AUTO_VALUE_ON_ZERO' */;
/*!40111 SET @OLD_SQL_NOTES=@@SQL_NOTES, SQL_NOTES=0 */;

--
-- Table structure for table `login_logs`
--

DROP TABLE IF EXISTS `login_logs`;
/*!40101 SET @saved_cs_client     = @@character_set_client */;
/*!50503 SET character_set_client = utf8mb4 */;
CREATE TABLE `login_logs` (
  `id` int(11) NOT NULL AUTO_INCREMENT,
  `user_id` int(11) DEFAULT '0',
  `counter` int(11) DEFAULT '0',
  `timestamp` int(11) DEFAULT '0',
  PRIMARY KEY (`id`),
  KEY `FK_login_logs_users` (`user_id`),
  CONSTRAINT `FK_login_logs_users` FOREIGN KEY (`user_id`) REFERENCES `users` (`id`) ON DELETE CASCADE ON UPDATE CASCADE
) ENGINE=InnoDB AUTO_INCREMENT=62 DEFAULT CHARSET=utf8;
/*!40101 SET character_set_client = @saved_cs_client */;

--
-- Dumping data for table `login_logs`
--

LOCK TABLES `login_logs` WRITE;
/*!40000 ALTER TABLE `login_logs` DISABLE KEYS */;
INSERT INTO `login_logs` VALUES (22,19,1,1574969876),(61,15,1,1575318764);
/*!40000 ALTER TABLE `login_logs` ENABLE KEYS */;
UNLOCK TABLES;

--
-- Table structure for table `settings`
--

DROP TABLE IF EXISTS `settings`;
/*!40101 SET @saved_cs_client     = @@character_set_client */;
/*!50503 SET character_set_client = utf8mb4 */;
CREATE TABLE `settings` (
  `id` int(11) NOT NULL AUTO_INCREMENT,
  `description` varchar(200) DEFAULT NULL,
  PRIMARY KEY (`id`)
) ENGINE=InnoDB AUTO_INCREMENT=3 DEFAULT CHARSET=utf8;
/*!40101 SET character_set_client = @saved_cs_client */;

--
-- Dumping data for table `settings`
--

LOCK TABLES `settings` WRITE;
/*!40000 ALTER TABLE `settings` DISABLE KEYS */;
INSERT INTO `settings` VALUES (1,'2FA-Mail'),(2,'2FA-App');
/*!40000 ALTER TABLE `settings` ENABLE KEYS */;
UNLOCK TABLES;

--
-- Table structure for table `user_data`
--

DROP TABLE IF EXISTS `user_data`;
/*!40101 SET @saved_cs_client     = @@character_set_client */;
/*!50503 SET character_set_client = utf8mb4 */;
CREATE TABLE `user_data` (
  `id` bigint(20) NOT NULL DEFAULT '0',
  `user_id` int(11) NOT NULL,
  `file_name` varchar(258) NOT NULL DEFAULT '',
  `file_description` varchar(512) NOT NULL DEFAULT '',
  `path` longtext NOT NULL,
  `is_encrypted` tinyint(4) NOT NULL DEFAULT '0',
  PRIMARY KEY (`id`),
  KEY `FK_user_data_users` (`user_id`),
  CONSTRAINT `FK_user_data_users` FOREIGN KEY (`user_id`) REFERENCES `users` (`id`) ON DELETE CASCADE
) ENGINE=InnoDB DEFAULT CHARSET=utf8;
/*!40101 SET character_set_client = @saved_cs_client */;

--
-- Dumping data for table `user_data`
--

LOCK TABLES `user_data` WRITE;
/*!40000 ALTER TABLE `user_data` DISABLE KEYS */;
INSERT INTO `user_data` VALUES (1575107227034,15,'Python-Structure.txt.encrypted','','/files/encrypted/Python-Structure.txt.encrypted',1),(1575107300314,15,'Unbenannt.png.encrypted','','/files/encrypted/Unbenannt.png.encrypted',1),(1575107305575,15,'Unbenannt.png','','/files/unencrypted/Unbenannt.png',0),(1575107317087,15,'Python-Structure.tx','','/files/unencrypted/Python-Structure.tx',0),(1575218731088,15,'q6jEP0G.png','','/files/unencrypted/q6jEP0G.png',0);
/*!40000 ALTER TABLE `user_data` ENABLE KEYS */;
UNLOCK TABLES;

--
-- Table structure for table `user_device`
--

DROP TABLE IF EXISTS `user_device`;
/*!40101 SET @saved_cs_client     = @@character_set_client */;
/*!50503 SET character_set_client = utf8mb4 */;
CREATE TABLE `user_device` (
  `id` int(11) NOT NULL AUTO_INCREMENT,
  `user_id` int(11) DEFAULT NULL,
  `device_id` varchar(258) DEFAULT NULL,
  `device_name` varchar(258) DEFAULT NULL,
  `device_is_active` tinyint(4) NOT NULL DEFAULT '0',
  PRIMARY KEY (`id`),
  KEY `FK_user_device_users` (`user_id`),
  CONSTRAINT `FK_user_device_users` FOREIGN KEY (`user_id`) REFERENCES `users` (`id`) ON DELETE CASCADE
) ENGINE=InnoDB AUTO_INCREMENT=8 DEFAULT CHARSET=utf8;
/*!40101 SET character_set_client = @saved_cs_client */;

--
-- Dumping data for table `user_device`
--

LOCK TABLES `user_device` WRITE;
/*!40000 ALTER TABLE `user_device` DISABLE KEYS */;
/*!40000 ALTER TABLE `user_device` ENABLE KEYS */;
UNLOCK TABLES;

--
-- Table structure for table `user_key`
--

DROP TABLE IF EXISTS `user_key`;
/*!40101 SET @saved_cs_client     = @@character_set_client */;
/*!50503 SET character_set_client = utf8mb4 */;
CREATE TABLE `user_key` (
  `id` int(11) NOT NULL AUTO_INCREMENT,
  `user_id` int(11) NOT NULL,
  `file_id` bigint(20) NOT NULL DEFAULT '0',
  `key_path` varchar(258) NOT NULL,
  PRIMARY KEY (`id`),
  KEY `FK_user_key_users` (`user_id`),
  KEY `FK_user_key_user_data` (`file_id`),
  CONSTRAINT `FK_user_key_user_data` FOREIGN KEY (`file_id`) REFERENCES `user_data` (`id`) ON DELETE CASCADE,
  CONSTRAINT `FK_user_key_users` FOREIGN KEY (`user_id`) REFERENCES `users` (`id`) ON DELETE CASCADE
) ENGINE=InnoDB AUTO_INCREMENT=32 DEFAULT CHARSET=utf8;
/*!40101 SET character_set_client = @saved_cs_client */;

--
-- Dumping data for table `user_key`
--

LOCK TABLES `user_key` WRITE;
/*!40000 ALTER TABLE `user_key` DISABLE KEYS */;
INSERT INTO `user_key` VALUES (30,15,1575107227034,'/keys/Python-Structure.txt.key'),(31,15,1575107300314,'/keys/Unbenannt.png.key');
/*!40000 ALTER TABLE `user_key` ENABLE KEYS */;
UNLOCK TABLES;

--
-- Table structure for table `user_otp`
--

DROP TABLE IF EXISTS `user_otp`;
/*!40101 SET @saved_cs_client     = @@character_set_client */;
/*!50503 SET character_set_client = utf8mb4 */;
CREATE TABLE `user_otp` (
  `id` int(11) NOT NULL AUTO_INCREMENT,
  `user_id` int(11) NOT NULL,
  `current_otp` varchar(50) DEFAULT NULL,
  `timestamp` int(11) DEFAULT NULL,
  `verified` tinyint(4) DEFAULT NULL,
  PRIMARY KEY (`id`),
  KEY `user_id` (`user_id`),
  CONSTRAINT `FK_user_otp_users` FOREIGN KEY (`user_id`) REFERENCES `users` (`id`)
) ENGINE=InnoDB AUTO_INCREMENT=450 DEFAULT CHARSET=utf8;
/*!40101 SET character_set_client = @saved_cs_client */;

--
-- Dumping data for table `user_otp`
--

LOCK TABLES `user_otp` WRITE;
/*!40000 ALTER TABLE `user_otp` DISABLE KEYS */;
INSERT INTO `user_otp` VALUES (145,8,'33562210',1574173026,0),(413,19,'55865126',1574969675,0),(449,15,'25308715',1575282461,0);
/*!40000 ALTER TABLE `user_otp` ENABLE KEYS */;
UNLOCK TABLES;

--
-- Table structure for table `user_otp_used`
--

DROP TABLE IF EXISTS `user_otp_used`;
/*!40101 SET @saved_cs_client     = @@character_set_client */;
/*!50503 SET character_set_client = utf8mb4 */;
CREATE TABLE `user_otp_used` (
  `id` int(11) NOT NULL AUTO_INCREMENT,
  `user_id` int(11) NOT NULL,
  `used_otp` varchar(50) NOT NULL,
  `timestamp` int(11) NOT NULL,
  PRIMARY KEY (`id`),
  KEY `user_id` (`user_id`),
  CONSTRAINT `FK_user_otp_used_users` FOREIGN KEY (`user_id`) REFERENCES `users` (`id`) ON DELETE CASCADE
) ENGINE=InnoDB AUTO_INCREMENT=450 DEFAULT CHARSET=utf8 COMMENT='used OTPs go in here';
/*!40101 SET character_set_client = @saved_cs_client */;

--
-- Dumping data for table `user_otp_used`
--

LOCK TABLES `user_otp_used` WRITE;
/*!40000 ALTER TABLE `user_otp_used` DISABLE KEYS */;
INSERT INTO `user_otp_used` VALUES (1,8,'74083486',1571910485),(2,8,'02630876',1571910485),(3,8,'50022336',1571910520),(4,8,'81102708',1571910584),(5,8,'35815824',1571911347),(6,8,'58180640',1571912110),(7,8,'78848263',1571912149),(8,8,'55483377',1571912633),(9,8,'25063076',1571912740),(10,8,'53080404',1571912804),(11,8,'50552567',1571912908),(12,8,'72365167',1571913040),(13,8,'84611052',1571950172),(14,8,'34147863',1571950277),(15,8,'01871640',1571950363),(16,8,'87430075',1571950560),(17,8,'42502223',1571950587),(18,8,'68660811',1571950589),(19,8,'55036408',1571950623),(20,8,'56856001',1571951410),(21,8,'01252255',1571951472),(22,8,'30578667',1572364603),(23,8,'28652555',1572364718),(24,8,'75483806',1572365781),(25,8,'87636717',1572365907),(26,8,'44307658',1572370475),(27,8,'03168477',1572372872),(28,8,'06201081',1572431351),(29,8,'26616575',1572431470),(30,8,'78834551',1572431531),(31,8,'40100722',1572431594),(32,8,'38436633',1572619535),(33,8,'31440756',1572639362),(34,8,'27128166',1572640895),(35,8,'71337280',1572641234),(36,8,'16534203',1572642180),(37,8,'06130062',1572644039),(38,8,'41165767',1573414919),(39,8,'01060884',1573414938),(40,8,'84627062',1573414964),(41,15,'83348532',1573416550),(42,8,'46260550',1573469121),(43,8,'32840386',1573469404),(44,8,'61704510',1573469420),(45,8,'56638547',1573469506),(46,8,'76818863',1573469575),(47,15,'05261211',1573496176),(48,15,'82212850',1573498872),(49,15,'76382647',1573499017),(50,15,'84410545',1573499130),(51,15,'41143176',1573499224),(52,15,'02067147',1573500358),(53,15,'31424282',1573500897),(54,15,'63853770',1573501102),(55,15,'75444720',1573501154),(56,15,'51323408',1573501205),(57,15,'81161376',1573501369),(58,15,'83621202',1573501675),(59,15,'76478652',1573501686),(60,15,'33554045',1573502046),(61,15,'57850535',1573503520),(62,15,'36205640',1573505508),(63,15,'81616481',1573505686),(64,15,'77562848',1573505987),(65,15,'86767077',1573506069),(66,15,'28525332',1573506270),(67,15,'67270400',1573506483),(68,15,'55730532',1573506624),(69,15,'17465088',1573506726),(70,15,'04855826',1573506744),(71,15,'82564654',1573506763),(72,15,'54506673',1573506771),(73,15,'56868260',1573506819),(74,15,'18366051',1573506876),(75,15,'41768135',1573506989),(76,15,'55238586',1573507036),(77,15,'86046772',1573507105),(78,15,'30633317',1573507233),(79,15,'83533640',1573507249),(80,15,'01683350',1573508492),(81,15,'86815874',1573508647),(82,15,'81367671',1573508757),(83,15,'55501234',1573508796),(84,15,'63746013',1573508865),(85,15,'31458842',1573510610),(86,15,'46826824',1573510731),(87,15,'14583467',1573510859),(88,15,'41656530',1573510924),(89,15,'12271481',1573510968),(90,15,'24153207',1573511126),(91,15,'84603502',1573511306),(92,15,'08456055',1573511425),(93,15,'21401272',1573511524),(94,15,'52120638',1573511811),(95,8,'00217845',1573512193),(96,8,'06606580',1573512250),(97,8,'26407136',1573512311),(98,15,'78841124',1573512364),(99,8,'17860466',1573512389),(100,15,'67022842',1573512397),(101,15,'02841546',1573512407),(102,15,'72653253',1573512436),(103,15,'73417107',1573512558),(104,15,'48018163',1573512843),(105,15,'10735241',1573513283),(106,8,'11282400',1573554530),(107,15,'14325281',1573948727),(108,15,'62143811',1573948892),(109,15,'27460506',1573948971),(110,8,'55304535',1573949312),(111,8,'80787126',1573997369),(112,8,'40661245',1573997419),(113,8,'52004457',1573997642),(114,8,'22734476',1573998079),(115,15,'20456684',1574085816),(116,15,'13280002',1574086101),(117,15,'62805616',1574086136),(118,15,'72820550',1574087494),(119,15,'07023310',1574087851),(120,8,'78624466',1574114602),(121,15,'78264080',1574168723),(122,15,'37017602',1574169097),(123,15,'76238861',1574169517),(124,15,'37026341',1574169763),(125,15,'42881663',1574169863),(126,15,'00417124',1574170201),(127,8,'86055742',1574170225),(128,8,'54742452',1574170601),(129,15,'88726387',1574171026),(130,15,'04876150',1574171141),(131,15,'76104161',1574171207),(132,15,'05631328',1574171255),(133,15,'18650808',1574171302),(134,15,'48420844',1574171969),(135,15,'22844686',1574172124),(136,15,'61610081',1574172148),(137,15,'81508562',1574172246),(138,15,'05054005',1574172285),(139,15,'66726713',1574172314),(140,15,'76672328',1574172454),(141,15,'46456220',1574172827),(142,15,'45287232',1574172926),(143,15,'12125231',1574172963),(144,15,'37886786',1574172970),(145,8,'33562210',1574173026),(146,15,'07100503',1574173054),(147,15,'75155447',1574173325),(148,15,'52747173',1574173569),(149,15,'30351556',1574173574),(150,15,'88420086',1574173578),(151,15,'50075452',1574173664),(152,15,'62441060',1574173754),(153,15,'18116171',1574173802),(154,15,'11821874',1574173895),(155,15,'31220851',1574181073),(156,15,'45728117',1574434396),(157,15,'76602840',1574434638),(158,15,'28088358',1574435498),(159,15,'57601074',1574435657),(160,15,'01021334',1574435694),(161,15,'11428555',1574435698),(162,15,'06648681',1574436216),(163,15,'15504730',1574436220),(164,15,'70747728',1574438314),(165,15,'41435175',1574438837),(166,15,'23448745',1574438839),(167,15,'65012126',1574439428),(168,15,'16127284',1574439431),(169,15,'35357484',1574439510),(170,15,'67021203',1574439651),(171,15,'65885006',1574439691),(172,15,'55058202',1574440205),(173,15,'73871117',1574440248),(174,15,'77647352',1574443893),(175,15,'36536560',1574445249),(176,15,'07874117',1574445253),(177,15,'38583268',1574445334),(178,15,'44070761',1574445424),(179,15,'17544702',1574445429),(180,15,'66553858',1574445650),(181,15,'03722707',1574445651),(182,15,'80412675',1574446328),(183,15,'01055023',1574446914),(184,15,'16307354',1574447036),(185,15,'84172535',1574447140),(186,15,'22607806',1574447241),(187,15,'43401136',1574461080),(188,15,'73462373',1574461885),(189,15,'03485770',1574462393),(190,15,'55540013',1574462499),(191,15,'53548855',1574462546),(192,15,'07551255',1574462550),(193,15,'20122386',1574463038),(194,15,'65623574',1574463045),(195,15,'31655066',1574463124),(196,15,'73783051',1574463281),(197,15,'15120857',1574463299),(198,15,'15235600',1574463506),(199,15,'63641568',1574463515),(200,15,'88644867',1574463681),(201,15,'36358478',1574463965),(202,15,'76801333',1574464150),(203,15,'01450660',1574464255),(204,15,'50207057',1574464341),(205,15,'21301764',1574511339),(206,15,'40242507',1574512696),(207,15,'77500580',1574521311),(208,15,'14725641',1574521315),(209,15,'28556047',1574521386),(210,15,'47830020',1574521389),(211,15,'24830863',1574522515),(212,15,'68662214',1574522770),(213,15,'55212882',1574524296),(214,15,'00570430',1574524568),(215,15,'08142621',1574526728),(216,15,'01217521',1574526753),(217,15,'27075751',1574526826),(218,15,'70044407',1574526832),(219,15,'20484252',1574527179),(220,15,'57048810',1574630358),(221,15,'45153684',1574630430),(222,15,'56754525',1574630439),(223,15,'45787415',1574630537),(224,15,'13304666',1574630568),(225,15,'80316010',1574630726),(226,15,'73828556',1574631124),(227,15,'48231032',1574631572),(228,15,'18441582',1574631981),(229,15,'56211775',1574631993),(230,15,'45235342',1574632018),(231,15,'84470005',1574632076),(232,15,'02501363',1574686827),(233,15,'84620531',1574687014),(234,15,'48861525',1574687017),(235,15,'77783034',1574687146),(236,15,'02317627',1574687150),(237,15,'64208255',1574687180),(238,15,'45301537',1574691753),(239,15,'27411541',1574691769),(240,15,'70611580',1574691775),(241,15,'35463270',1574691800),(242,15,'40558644',1574691838),(243,15,'70863377',1574691875),(244,15,'26250315',1574692120),(245,15,'11274402',1574692141),(246,15,'07742467',1574692202),(247,15,'68218443',1574692479),(248,15,'34385500',1574692633),(249,15,'45858402',1574692858),(250,15,'53873734',1574692975),(251,15,'18112051',1574692994),(252,15,'57501650',1574692997),(253,15,'24151036',1574693241),(254,15,'66666136',1574693251),(255,15,'80118173',1574693403),(256,15,'66312222',1574693424),(257,15,'65377707',1574693510),(258,15,'52345150',1574693537),(259,15,'10834887',1574693931),(260,15,'63863638',1574694122),(261,15,'61737023',1574694156),(262,15,'77222016',1574694463),(263,15,'75784707',1574694594),(264,15,'63122826',1574694884),(265,15,'35260013',1574694966),(266,15,'10323711',1574694980),(267,15,'51028717',1574776081),(268,15,'71223321',1574776100),(269,15,'00811854',1574776128),(270,15,'38736208',1574776337),(271,15,'07280781',1574776379),(272,15,'13636118',1574776383),(273,15,'43413268',1574776540),(274,15,'74874845',1574776607),(275,15,'74454645',1574776608),(276,15,'65833063',1574779620),(277,15,'47240248',1574779641),(278,15,'62468134',1574779662),(279,15,'06175280',1574779675),(280,15,'14774615',1574779700),(281,15,'00636151',1574779877),(282,15,'05455243',1574780167),(283,15,'27678455',1574780184),(284,15,'01114746',1574780195),(285,15,'83722102',1574780238),(286,15,'87333288',1574780319),(287,15,'17815751',1574780449),(288,15,'08442238',1574780467),(289,15,'45022368',1574780578),(290,15,'40531454',1574780584),(291,15,'40802630',1574780615),(292,15,'27517255',1574780653),(293,15,'06055010',1574780689),(294,15,'83846276',1574780692),(295,15,'06152184',1574780709),(296,15,'28817684',1574780758),(297,15,'18343210',1574780873),(298,15,'23107123',1574780887),(299,15,'11203242',1574780897),(300,15,'76848561',1574780906),(301,15,'18573642',1574780932),(302,15,'47743714',1574780945),(303,15,'35622167',1574780949),(304,15,'10184528',1574780963),(305,15,'82543060',1574780975),(306,15,'44455867',1574781142),(307,15,'06026525',1574781148),(308,15,'02431452',1574781156),(309,15,'47477111',1574781159),(310,15,'16350721',1574781173),(311,15,'53015044',1574781185),(312,15,'55175141',1574781244),(313,15,'44411106',1574782132),(314,15,'07130110',1574782243),(315,15,'16373376',1574782290),(316,15,'77225057',1574782429),(317,15,'71253718',1574782527),(318,15,'65416184',1574782555),(319,15,'72408171',1574782683),(320,15,'45225621',1574782691),(321,15,'04440128',1574782803),(322,15,'42162462',1574782818),(323,15,'51354445',1574782848),(324,15,'08016341',1574782874),(325,15,'61313220',1574782898),(326,15,'44306670',1574782968),(327,15,'17657448',1574782996),(328,15,'25427211',1574785835),(329,15,'81512754',1574785863),(330,15,'12476130',1574786078),(331,15,'01446536',1574786086),(332,15,'27806848',1574786150),(333,15,'80766820',1574786180),(334,15,'44071802',1574786363),(335,15,'00764784',1574786437),(336,15,'00837105',1574786471),(337,15,'60402087',1574786631),(338,15,'20464628',1574786779),(339,15,'73608022',1574786861),(340,15,'15214776',1574786964),(341,15,'38606761',1574787059),(342,15,'86703256',1574787105),(343,15,'54172214',1574787303),(344,15,'25730261',1574787411),(345,15,'22454328',1574787449),(346,15,'42337363',1574787550),(347,15,'03764503',1574787577),(348,15,'42725163',1574787640),(349,15,'57257078',1574787656),(350,15,'41052353',1574787700),(351,15,'38428627',1574787714),(352,15,'11251701',1574787758),(353,15,'63501711',1574787767),(354,15,'10128683',1574787959),(355,15,'00806015',1574787980),(356,15,'87125164',1574788405),(357,15,'67651373',1574788425),(358,15,'32284502',1574788456),(359,15,'12877462',1574788506),(360,15,'27661576',1574788520),(361,15,'84734385',1574788543),(362,15,'12352715',1574788551),(363,15,'22235273',1574788561),(364,15,'13182144',1574788718),(365,15,'40078670',1574788743),(366,15,'06135316',1574788764),(367,15,'01224502',1574788825),(368,15,'50487845',1574788884),(369,15,'51807481',1574788909),(370,15,'85828762',1574788966),(371,15,'18181756',1574789098),(372,15,'80222086',1574789124),(373,15,'05484284',1574789135),(374,15,'34287508',1574789222),(375,15,'34424824',1574789244),(376,15,'31804615',1574789251),(377,15,'70518302',1574789284),(378,15,'37012582',1574789307),(379,15,'72000285',1574789323),(380,15,'47028362',1574789736),(381,15,'46162257',1574789770),(382,15,'61462508',1574789809),(383,15,'85615202',1574789839),(384,15,'26372836',1574793219),(385,15,'46837874',1574794027),(386,15,'88813025',1574794079),(387,15,'60266702',1574796483),(388,15,'70747777',1574796566),(389,15,'21368034',1574796688),(390,15,'73736628',1574891875),(391,15,'30422320',1574893327),(392,15,'37468217',1574939408),(393,15,'83004655',1574939542),(394,15,'21613582',1574939549),(395,15,'64104714',1574939584),(396,15,'80618784',1574939685),(397,15,'55140300',1574939713),(398,15,'74022781',1574939811),(399,15,'12820675',1574939827),(400,15,'51016066',1574939940),(401,15,'07688467',1574940005),(402,15,'68454506',1574940037),(403,15,'02420131',1574942581),(404,15,'60670420',1574942609),(405,15,'16815476',1574942659),(406,15,'33444430',1574944626),(407,15,'86565670',1574944632),(408,15,'63145343',1574944914),(409,15,'82283328',1574962651),(410,19,'14481233',1574969406),(411,19,'71418771',1574969636),(412,19,'87430135',1574969663),(413,19,'55865126',1574969675),(414,15,'23135752',1575066861),(415,15,'57572704',1575067264),(416,15,'01708708',1575067272),(417,15,'71368644',1575067503),(418,15,'13038554',1575067628),(419,15,'05811635',1575067645),(420,15,'74268016',1575069065),(421,15,'63082405',1575069630),(422,15,'63708751',1575069691),(423,15,'31836333',1575069697),(424,15,'41778377',1575069727),(425,15,'50021621',1575069748),(426,15,'83776177',1575069933),(427,15,'48678261',1575069990),(428,15,'34310300',1575070076),(429,15,'20442703',1575070178),(430,15,'43107131',1575070271),(431,15,'03552866',1575111324),(432,15,'06675405',1575111335),(433,15,'65735455',1575112174),(434,15,'68815478',1575112190),(435,15,'73231758',1575112633),(436,15,'00088738',1575112650),(437,15,'38383507',1575112749),(438,15,'72672424',1575112754),(439,15,'23535431',1575217640),(440,15,'41433020',1575221609),(441,15,'65352822',1575225286),(442,15,'05312611',1575231918),(443,15,'53010872',1575233551),(444,15,'15211601',1575234239),(445,15,'11278707',1575278168),(446,15,'74345616',1575278547),(447,15,'46544254',1575282090),(448,15,'71235301',1575282271),(449,15,'25308715',1575282461);
/*!40000 ALTER TABLE `user_otp_used` ENABLE KEYS */;
UNLOCK TABLES;

--
-- Table structure for table `user_setting`
--

DROP TABLE IF EXISTS `user_setting`;
/*!40101 SET @saved_cs_client     = @@character_set_client */;
/*!50503 SET character_set_client = utf8mb4 */;
CREATE TABLE `user_setting` (
  `user_id` int(11) NOT NULL,
  `settings_id` int(11) NOT NULL,
  `setting_value` tinyint(11) NOT NULL DEFAULT '0',
  KEY `settings_id` (`settings_id`),
  KEY `user_id` (`user_id`),
  CONSTRAINT `FK_user_setting_settings` FOREIGN KEY (`settings_id`) REFERENCES `settings` (`id`) ON DELETE CASCADE,
  CONSTRAINT `FK_user_setting_users` FOREIGN KEY (`user_id`) REFERENCES `users` (`id`) ON DELETE CASCADE
) ENGINE=InnoDB DEFAULT CHARSET=utf8;
/*!40101 SET character_set_client = @saved_cs_client */;

--
-- Dumping data for table `user_setting`
--

LOCK TABLES `user_setting` WRITE;
/*!40000 ALTER TABLE `user_setting` DISABLE KEYS */;
INSERT INTO `user_setting` VALUES (6,1,1),(8,1,0),(8,2,1),(15,1,0),(15,2,0),(16,1,0),(16,2,0),(4,1,1),(4,2,0),(18,1,0),(18,2,0),(19,1,0),(19,2,0);
/*!40000 ALTER TABLE `user_setting` ENABLE KEYS */;
UNLOCK TABLES;

--
-- Table structure for table `user_tokens`
--

DROP TABLE IF EXISTS `user_tokens`;
/*!40101 SET @saved_cs_client     = @@character_set_client */;
/*!50503 SET character_set_client = utf8mb4 */;
CREATE TABLE `user_tokens` (
  `id` int(11) NOT NULL AUTO_INCREMENT,
  `user_id` int(11) NOT NULL DEFAULT '0',
  `token` varchar(256) NOT NULL DEFAULT '0',
  `reset_case` tinyint(4) DEFAULT '1',
  PRIMARY KEY (`id`),
  KEY `user_tokens_user_id` (`user_id`),
  CONSTRAINT `user_tokens_user_id` FOREIGN KEY (`user_id`) REFERENCES `users` (`id`) ON DELETE CASCADE ON UPDATE CASCADE
) ENGINE=InnoDB AUTO_INCREMENT=6 DEFAULT CHARSET=utf8;
/*!40101 SET character_set_client = @saved_cs_client */;

--
-- Dumping data for table `user_tokens`
--

LOCK TABLES `user_tokens` WRITE;
/*!40000 ALTER TABLE `user_tokens` DISABLE KEYS */;
INSERT INTO `user_tokens` VALUES (2,15,'232f88b07d0e0931f83e9c3b81d6602753978a27db84f8b7ca2a55019fbfd5891f396774335c30c18570f5ecb9f81e2b8591e4229e91df04450660ee9d22549f0dd55a3b2f30747f1c5cff1736cca292cb2f8fd9d83a49b15420976e5e398b23',1);
/*!40000 ALTER TABLE `user_tokens` ENABLE KEYS */;
UNLOCK TABLES;

--
-- Table structure for table `users`
--

DROP TABLE IF EXISTS `users`;
/*!40101 SET @saved_cs_client     = @@character_set_client */;
/*!50503 SET character_set_client = utf8mb4 */;
CREATE TABLE `users` (
  `id` int(11) NOT NULL AUTO_INCREMENT,
  `email` varchar(50) NOT NULL,
  `password` varchar(250) NOT NULL,
  PRIMARY KEY (`id`)
) ENGINE=InnoDB AUTO_INCREMENT=20 DEFAULT CHARSET=utf8;
/*!40101 SET character_set_client = @saved_cs_client */;

--
-- Dumping data for table `users`
--

LOCK TABLES `users` WRITE;
/*!40000 ALTER TABLE `users` DISABLE KEYS */;
INSERT INTO `users` VALUES (4,'Test@test','a6906caa2528d9c60122a82f4d9de1832e0cace9c325f5d9d996fee11ed722ecd2b350401c89b9d1ba2d7faa41d184a3cf56ebe799ec0ff3bde074f789860e514e2ccc2d990b929a4f3e9350dc8269d74feff7aa634e950bd8cb5e3086eccfe0'),(5,'test@me.de','624082f6e5546ad8a12bc8f75acd795b60da291700686711bbd652b12c4ab28255afe96f159d8f1739137ceb25dd2e02fcd943931bf85f6bd9e3d3fdeee7d5dfe75678459c2846cfc696cce5cb1d8ba933cdf36c730c88804e42a433ec5b2c9e'),(6,'zonaafa@web.de','e9fa407622d249111c65190d40fbc1107937ad8fc5e7e5d9ac14de64f00e8e22c340de148469e5097c0857f9c40c41ada366d1986b4c16047d6500a0ebf71d9512a3e4698ee32dbb3f15809345c7b0b47c2dc84918e3a103ea4b4c7494857203'),(8,'max.sommer_95@web.de','ca2681e47edcda6a0894d28ba3e4fae805d7309c69dbd4f1715067e7485a0a85b6b5469fb92509e00d0e3681bd48bcfe2ddf6d6425e891e4a0523b138d1c426da5a4d75fb2c4312091f8c7af8121596cc90f8b60ed71bc79b9f3db268c61a7eb'),(15,'maximilian.sommer@stud.hshl.de','16ec9deda84b03194b1f9fc5c9951fc03ed9abd39db2c8c17925ccb59eddf7a407c28bfa4541aa46b4895620e4a3134aa11d345b6e8a485b8070ffaaf94e1d40341bb3bc7584533c97fc8b77a34e7c5edccff4c428755d286c894b1a74722ac3'),(16,'testMe@mail.de','48b6cba61dcb54e4dc58f6c07c67fdd2893a271cc8d16f4026e923e37833f4935ebd969bb56d4ffddbb91d5f3f32c5e76808e1eb7443c2fdf4f4b624cdc75948ae906985838a6725d221c4a58f44db088c34eca4cf2b1d4c9eda180e71d51ab6'),(17,'test@test','7e13dfd479e71d669c6658b4d043c8a2a4c7eebb9ea00b93b500cdd49347e81f774d799cfb405ab1dba5f6b6cf126c7b058f67fc34a66f53b0d7d94d29017bfe1d735dd9910aaebd519535e639a4bf22b7a7d03b74fe80ee11a5d34280e0d67b'),(18,'haha@lol.de','291f2a6c5e9dbeef402f0c72819c8e65dd9c129eece0b9eb04ba16216e43e14792fb983504b666df8d36556a0fb40d4dcae1be57bdb14dac0743c2c318675b28dcada48dc17b96c9fbf0c7813cd003510d72fb90736f7a836148fdc7131aeead'),(19,'Testi@test','a16eb9e7c13042950b99b80d9d0fca48821e8468cd2e3293a9194635cbaf09e48b42924582fbe99a28259b048ed9afef15d1565a9b98bbed0f465ff4c9f9ecbaae78802830440b0bdccc92c054c30d7d33968e39ca2561eb749606a0ed6c1799');
/*!40000 ALTER TABLE `users` ENABLE KEYS */;
UNLOCK TABLES;
/*!40103 SET TIME_ZONE=@OLD_TIME_ZONE */;

/*!40101 SET SQL_MODE=@OLD_SQL_MODE */;
/*!40014 SET FOREIGN_KEY_CHECKS=@OLD_FOREIGN_KEY_CHECKS */;
/*!40014 SET UNIQUE_CHECKS=@OLD_UNIQUE_CHECKS */;
/*!40101 SET CHARACTER_SET_CLIENT=@OLD_CHARACTER_SET_CLIENT */;
/*!40101 SET CHARACTER_SET_RESULTS=@OLD_CHARACTER_SET_RESULTS */;
/*!40101 SET COLLATION_CONNECTION=@OLD_COLLATION_CONNECTION */;
/*!40111 SET SQL_NOTES=@OLD_SQL_NOTES */;

-- Dump completed on 2019-12-02 21:34:25
